ruta,viaje_id,fase,turno,is_single
1R,0,0,1,0
1R,34,0,1,0
1R,89,0,1,0
1R,144,0,1,0
1R,190,0,1,0
1R,260,1,1,0
1R,308,1,1,0
1R,360,1,1,0
1R,491,2,2,0
1R,554,3,2,0
1R,592,3,2,0
1R,652,3,2,0
1R,703,3,2,0
1R,760,3,2,0
1R,805,3,2,0
1R,837,3,2,0
2R,2,0,1,0
2R,36,0,1,0
2R,91,0,1,0
2R,147,0,1,0
2R,193,0,1,0
2R,262,1,1,0
2R,311,1,1,0
2R,362,1,1,0
2R,493,2,2,0
2R,557,3,2,0
2R,594,3,2,0
2R,654,3,2,0
2R,706,3,2,0
2R,762,3,2,0
2R,807,3,2,0
2R,839,3,2,0
3R,4,0,1,0
3R,38,0,1,0
3R,94,0,1,0
3R,149,0,1,0
3R,195,0,1,0
3R,264,1,1,0
3R,313,1,1,0
3R,366,1,1,0
3R,501,2,2,0
3R,565,3,2,0
3R,603,3,2,0
3R,661,3,2,0
3R,712,3,2,0
3R,770,3,2,0
3R,816,3,2,0
3R,841,3,2,0
4R,6,0,1,0
4R,45,0,1,0
4R,101,0,1,0
4R,160,0,1,0
4R,203,0,1,0
4R,273,1,1,0
4R,323,1,1,0
4R,374,1,1,0
4R,503,2,2,0
4R,568,3,2,0
4R,607,3,2,0
4R,662,3,2,0
4R,713,3,2,0
4R,772,3,2,0
4R,818,3,2,0
4R,843,3,2,0
5R,8,0,1,0
5R,48,0,1,0
5R,103,0,1,0
5R,165,0,1,0
5R,205,0,1,0
5R,276,1,1,0
5R,325,1,1,0
5R,378,1,1,0
5R,508,2,2,0
5R,575,3,2,0
5R,614,3,2,0
5R,667,3,2,0
5R,719,3,2,0
5R,780,3,2,0
5R,822,3,2,0
5R,845,3,2,0
6R,10,0,1,0
6R,50,0,1,0
6R,105,0,1,0
6R,168,0,1,0
6R,208,0,1,0
6R,279,1,1,0
6R,328,1,1,0
6R,380,1,1,0
6R,510,2,2,0
6R,578,3,2,0
6R,617,3,2,0
6R,670,3,2,0
6R,722,3,2,0
6R,782,3,2,0
6R,825,3,2,0
6R,847,3,2,0
7R,12,0,1,0
7R,56,0,1,0
7R,111,0,1,0
7R,176,0,1,0
7R,214,0,1,0
7R,285,1,1,0
7R,334,1,1,0
7R,385,1,1,0
7R,427,2,2,0
7R,468,2,2,0
7R,515,2,2,0
7R,582,3,2,0
7R,622,3,2,0
7R,675,3,2,0
7R,726,3,2,0
7R,786,3,2,0
8R,15,0,1,0
8R,60,0,1,0
8R,113,0,1,0
8R,179,0,1,0
8R,216,0,1,0
8R,288,1,1,0
8R,337,1,1,0
8R,390,1,1,0
8R,430,2,2,0
8R,470,2,2,0
8R,517,2,2,0
8R,584,3,2,0
8R,624,3,2,0
8R,676,3,2,0
8R,729,3,2,0
8R,789,3,2,0
9R,17,0,1,0
9R,62,0,1,0
9R,116,0,1,0
9R,183,0,1,0
9R,220,0,1,0
9R,291,1,1,0
9R,340,1,1,0
9R,392,1,1,0
9R,434,2,2,0
9R,474,2,2,0
9R,519,2,2,0
9R,587,3,2,0
9R,627,3,2,0
9R,678,3,2,0
9R,731,3,2,0
9R,792,3,2,0
10R,19,0,1,0
10R,65,0,1,0
10R,120,0,1,0
10R,187,0,1,0
10R,223,0,1,0
10R,293,1,1,0
10R,342,1,1,0
10R,395,1,1,0
10R,437,2,2,0
10R,478,2,2,0
10R,522,2,2,0
10R,589,3,2,0
10R,629,3,2,0
10R,682,3,2,0
10R,734,3,2,0
10R,794,3,2,0
11R,21,0,1,0
11R,67,0,1,0
11R,123,0,1,0
11R,189,0,1,0
11R,225,0,1,0
11R,296,1,1,0
11R,346,1,1,0
11R,398,1,1,0
11R,440,2,2,0
11R,481,2,2,0
11R,524,2,2,0
11R,591,3,2,0
11R,633,3,2,0
11R,685,3,2,0
11R,736,3,2,0
11R,796,3,2,0
12R,24,0,1,0
12R,72,0,1,0
12R,125,0,1,0
12R,192,0,1,0
12R,229,0,1,0
12R,298,1,1,0
12R,348,1,1,0
12R,400,1,1,0
12R,443,2,2,0
12R,483,2,2,0
12R,527,2,2,0
12R,593,3,2,0
12R,635,3,2,0
12R,687,3,2,0
12R,739,3,2,0
12R,798,3,2,0
13R,26,0,1,0
13R,74,0,1,0
13R,128,0,1,0
13R,196,0,1,0
13R,233,0,1,0
13R,301,1,1,0
13R,352,1,1,0
13R,403,1,1,0
13R,445,2,2,0
13R,485,2,2,0
13R,529,2,2,0
13R,595,3,2,0
13R,639,3,2,0
13R,690,3,2,0
13R,741,3,2,0
13R,801,3,2,0
14R,28,0,1,0
14R,77,0,1,0
14R,132,0,1,0
14R,198,0,1,0
14R,236,0,1,0
14R,303,1,1,0
14R,354,1,1,0
14R,405,1,1,0
14R,447,2,2,0
14R,488,2,2,0
14R,531,2,2,0
14R,598,3,2,0
14R,641,3,2,0
14R,693,3,2,0
14R,744,3,2,0
14R,815,3,2,0
15R,30,0,1,0
15R,79,0,1,0
15R,135,0,1,0
15R,201,1,1,0
15R,240,1,1,0
15R,304,1,1,0
15R,356,1,1,0
15R,408,1,1,0
15R,450,2,2,0
15R,490,2,2,0
15R,534,2,2,0
15R,600,3,2,0
15R,644,3,2,0
15R,697,3,2,0
15R,746,3,2,0
15R,817,3,2,0
16R,40,0,1,0
16R,90,0,1,0
16R,145,0,1,0
16R,212,1,1,0
16R,252,1,1,0
16R,312,1,1,0
16R,364,1,1,0
16R,410,1,1,0
16R,452,2,2,0
16R,492,2,2,0
16R,536,2,2,0
16R,602,3,2,0
16R,647,3,2,0
16R,699,3,2,0
16R,749,3,2,0
16R,819,3,2,0
17R,42,0,1,0
17R,93,0,1,0
17R,146,0,1,0
17R,213,1,1,0
17R,255,1,1,0
17R,315,1,1,0
17R,367,1,1,0
17R,412,1,1,0
17R,455,2,2,0
17R,494,2,2,0
17R,538,2,2,0
17R,604,3,2,0
17R,651,3,2,0
17R,702,3,2,0
17R,751,3,2,0
17R,821,3,2,0
18R,49,0,1,0
18R,100,0,1,0
18R,153,0,1,0
18R,221,1,1,0
18R,263,1,1,0
18R,320,1,1,0
18R,372,1,1,0
18R,416,1,1,0
18R,457,2,2,0
18R,497,2,2,0
18R,540,2,2,0
18R,606,3,2,0
18R,653,3,2,0
18R,705,3,2,0
18R,753,3,2,0
18R,823,3,2,0
19R,51,0,1,0
19R,102,0,1,0
19R,155,0,1,0
19R,222,1,1,0
19R,265,1,1,0
19R,322,1,1,0
19R,375,1,1,0
19R,418,1,1,0
19R,458,2,2,0
19R,505,2,2,0
19R,547,2,2,0
19R,613,3,2,0
19R,663,3,2,0
19R,714,3,2,0
19R,761,3,2,0
19R,824,3,2,0
20R,52,0,1,0
20R,104,0,1,0
20R,156,0,1,0
20R,224,1,1,0
20R,269,1,1,0
20R,324,1,1,0
20R,377,1,1,0
20R,420,1,1,0
20R,461,2,2,0
20R,507,2,2,0
20R,549,2,2,0
20R,616,3,2,0
20R,665,3,2,0
20R,717,3,2,0
20R,763,3,2,0
20R,826,3,2,0
21R,59,0,1,0
21R,112,0,1,0
21R,161,0,1,0
21R,231,1,1,0
21R,274,1,1,0
21R,330,1,1,0
21R,382,1,1,0
21R,426,1,1,0
21R,467,2,2,0
21R,523,2,2,0
21R,562,2,2,0
21R,631,3,2,0
21R,681,3,2,0
21R,733,3,2,0
21R,779,3,2,0
21R,827,3,2,0
22R,61,0,1,0
22R,114,0,1,0
22R,164,0,1,0
22R,232,1,1,0
22R,275,1,1,0
22R,332,1,1,0
22R,384,1,1,0
22R,428,1,1,0
22R,469,2,2,0
22R,526,2,2,0
22R,564,2,2,0
22R,632,3,2,0
22R,684,3,2,0
22R,735,3,2,0
22R,781,3,2,0
22R,830,3,2,0
23R,63,0,1,0
23R,115,0,1,0
23R,166,0,1,0
23R,234,1,1,0
23R,277,1,1,0
23R,333,1,1,0
23R,386,1,1,0
23R,429,1,1,0
23R,471,2,2,0
23R,528,2,2,0
23R,567,2,2,0
23R,634,3,2,0
23R,686,3,2,0
23R,738,3,2,0
23R,783,3,2,0
23R,831,3,2,0
24R,68,0,1,0
24R,122,0,1,0
24R,170,0,1,0
24R,238,1,1,0
24R,284,1,1,0
24R,339,1,1,0
24R,393,1,1,0
24R,435,1,1,0
24R,477,2,2,0
24R,537,2,2,0
24R,574,2,2,0
24R,640,3,2,0
24R,691,3,2,0
24R,745,3,2,0
24R,791,3,2,0
24R,833,3,2,0
25R,71,0,1,0
25R,124,0,1,0
25R,173,0,1,0
25R,241,1,1,0
25R,286,1,1,0
25R,341,1,1,0
25R,394,1,1,0
25R,436,1,1,0
25R,479,2,2,0
25R,539,2,2,0
25R,577,2,2,0
25R,642,3,2,0
25R,694,3,2,0
25R,748,3,2,0
25R,793,3,2,0
25R,835,3,2,0
26R,76,0,1,1
26R,131,0,1,1
26R,178,0,1,1
26R,247,1,1,1
26R,292,1,1,1
26R,347,1,1,1
26R,401,1,1,1
26R,444,1,1,1
27R,78,0,1,1
27R,133,0,1,1
27R,180,0,1,1
27R,249,1,1,1
27R,295,1,1,1
27R,349,1,1,1
27R,404,1,1,1
27R,446,1,1,1
1N,1,0,1,0
1N,33,0,1,0
1N,84,0,1,0
1N,137,0,1,0
1N,204,1,1,0
1N,244,1,1,0
1N,307,1,1,0
1N,359,1,1,0
1N,500,2,2,0
1N,542,2,2,0
1N,609,3,2,0
1N,656,3,2,0
1N,709,3,2,0
1N,756,3,2,0
1N,804,3,2,0
1N,838,3,2,0
2N,3,0,1,0
2N,35,0,1,0
2N,86,0,1,0
2N,140,0,1,0
2N,206,1,1,0
2N,246,1,1,0
2N,309,1,1,0
2N,361,1,1,0
2N,502,2,2,0
2N,544,2,2,0
2N,611,3,2,0
2N,659,3,2,0
2N,711,3,2,0
2N,759,3,2,0
2N,806,3,2,0
2N,840,3,2,0
3N,5,0,1,0
3N,37,0,1,0
3N,88,0,1,0
3N,143,0,1,0
3N,209,1,1,0
3N,250,1,1,0
3N,310,1,1,0
3N,363,1,1,0
3N,511,2,2,0
3N,551,2,2,0
3N,619,3,2,0
3N,668,3,2,0
3N,721,3,2,0
3N,765,3,2,0
3N,808,3,2,0
3N,842,3,2,0
4N,7,0,1,0
4N,44,0,1,0
4N,96,0,1,0
4N,148,0,1,0
4N,215,1,1,0
4N,259,1,1,0
4N,316,1,1,0
4N,369,1,1,0
4N,514,2,2,0
4N,553,2,2,0
4N,621,3,2,0
4N,671,3,2,0
4N,723,3,2,0
4N,769,3,2,0
4N,810,3,2,0
4N,844,3,2,0
5N,9,0,1,0
5N,47,0,1,0
5N,98,0,1,0
5N,150,0,1,0
5N,218,1,1,0
5N,261,1,1,0
5N,318,1,1,0
5N,370,1,1,0
5N,520,2,2,0
5N,560,2,2,0
5N,628,3,2,0
5N,679,3,2,0
5N,730,3,2,0
5N,775,3,2,0
5N,813,3,2,0
5N,846,3,2,0
6N,11,0,1,0
6N,55,0,1,0
6N,108,0,1,0
6N,158,0,1,0
6N,226,1,1,0
6N,270,1,1,0
6N,326,1,1,0
6N,379,1,1,0
6N,422,2,2,0
6N,463,2,2,0
6N,516,2,2,0
6N,555,2,2,0
6N,623,3,2,0
6N,674,3,2,0
6N,725,3,2,0
6N,771,3,2,0
7N,13,0,1,0
7N,57,0,1,0
7N,110,0,1,0
7N,159,0,1,0
7N,227,1,1,0
7N,272,1,1,0
7N,327,1,1,0
7N,381,1,1,0
7N,425,2,2,0
7N,466,2,2,0
7N,518,2,2,0
7N,558,2,2,0
7N,626,3,2,0
7N,677,3,2,0
7N,728,3,2,0
7N,773,3,2,0
8N,16,0,1,0
8N,64,0,1,0
8N,118,0,1,0
8N,167,0,1,0
8N,235,1,1,0
8N,280,1,1,0
8N,336,1,1,0
8N,389,1,1,0
8N,431,2,2,0
8N,473,2,2,0
8N,530,2,2,0
8N,569,2,2,0
8N,637,3,2,0
8N,688,3,2,0
8N,740,3,2,0
8N,785,3,2,0
9N,18,0,1,0
9N,66,0,1,0
9N,121,0,1,0
9N,169,0,1,0
9N,237,1,1,0
9N,282,1,1,0
9N,338,1,1,0
9N,391,1,1,0
9N,433,2,2,0
9N,475,2,2,0
9N,533,2,2,0
9N,572,2,2,0
9N,638,3,2,0
9N,689,3,2,0
9N,742,3,2,0
9N,787,3,2,0
10N,20,0,1,0
10N,73,0,1,0
10N,126,0,1,0
10N,175,0,1,0
10N,242,1,1,0
10N,287,1,1,0
10N,344,1,1,0
10N,396,1,1,0
10N,439,2,2,0
10N,480,2,2,0
10N,541,3,2,0
10N,581,3,2,0
10N,643,3,2,0
10N,696,3,2,0
10N,750,3,2,0
10N,795,3,2,0
11N,22,0,1,0
11N,75,0,1,0
11N,127,0,1,0
11N,177,0,1,0
11N,245,1,1,0
11N,289,1,1,0
11N,345,1,1,0
11N,399,1,1,0
11N,441,2,2,0
11N,482,2,2,0
11N,545,3,2,0
11N,583,3,2,0
11N,646,3,2,0
11N,698,3,2,0
11N,752,3,2,0
11N,797,3,2,0
12N,25,0,1,0
12N,80,0,1,0
12N,134,0,1,0
12N,181,0,1,0
12N,251,1,1,0
12N,297,1,1,0
12N,351,1,1,0
12N,406,1,1,0
12N,448,2,2,0
12N,486,2,2,0
12N,548,3,2,0
12N,585,3,2,0
12N,649,3,2,0
12N,700,3,2,0
12N,755,3,2,0
12N,799,3,2,0
13N,27,0,1,0
13N,83,0,1,0
13N,136,0,1,0
13N,184,0,1,0
13N,253,1,1,0
13N,299,1,1,0
13N,353,1,1,0
13N,409,1,1,0
13N,451,2,2,0
13N,489,2,2,0
13N,550,3,2,0
13N,590,3,2,0
13N,650,3,2,0
13N,701,3,2,0
13N,758,3,2,0
13N,803,3,2,0
14N,29,0,1,0
14N,85,0,1,0
14N,138,0,1,0
14N,186,0,1,0
14N,256,1,1,0
14N,302,1,1,0
14N,355,1,1,0
14N,411,1,1,0
14N,454,2,2,0
14N,496,2,2,0
14N,559,3,2,0
14N,599,3,2,0
14N,655,3,2,0
14N,708,3,2,0
14N,764,3,2,0
14N,809,3,2,0
15N,31,0,1,0
15N,87,0,1,0
15N,142,0,1,0
15N,188,0,1,0
15N,258,1,1,0
15N,305,1,1,0
15N,357,1,1,0
15N,414,1,1,0
15N,456,2,2,0
15N,498,2,2,0
15N,563,3,2,0
15N,601,3,2,0
15N,658,3,2,0
15N,710,3,2,0
15N,768,3,2,0
15N,812,3,2,0
16N,41,0,1,0
16N,97,0,1,0
16N,154,0,1,0
16N,197,0,1,0
16N,268,1,1,0
16N,317,1,1,0
16N,368,1,1,0
16N,417,1,1,0
16N,459,2,2,0
16N,504,2,2,0
16N,571,3,2,0
16N,610,3,2,0
16N,664,3,2,0
16N,715,3,2,0
16N,774,3,2,0
16N,828,3,2,0
17N,43,0,1,0
17N,99,0,1,0
17N,157,0,1,0
17N,200,0,1,0
17N,271,1,1,0
17N,319,1,1,0
17N,371,1,1,0
17N,419,1,1,0
17N,462,2,2,0
17N,506,2,2,0
17N,573,3,2,0
17N,612,3,2,0
17N,666,3,2,0
17N,718,3,2,0
17N,776,3,2,0
17N,832,3,2,0
18N,53,0,1,0
18N,109,0,1,0
18N,171,0,1,0
18N,211,0,1,0
18N,283,1,1,0
18N,331,1,1,0
18N,383,1,1,0
18N,423,1,1,0
18N,465,2,2,0
18N,512,2,2,0
18N,580,3,2,0
18N,620,3,2,0
18N,673,3,2,0
18N,724,3,2,0
18N,784,3,2,0
18N,834,3,2,0
1M,14,0,1,0
1M,81,0,1,0
1M,152,0,1,0
1M,210,0,1,0
1M,281,1,1,0
1M,343,1,1,0
1M,421,2,2,0
1M,495,3,2,0
1M,556,3,2,0
1M,615,3,2,0
1M,692,3,2,0
1M,754,3,2,0
2M,23,0,1,0
2M,92,0,1,0
2M,163,0,1,0
2M,219,0,1,0
2M,294,1,1,0
2M,358,1,1,0
2M,432,2,2,0
2M,509,3,2,0
2M,566,3,2,0
2M,625,3,2,0
2M,704,3,2,0
2M,766,3,2,0
3M,32,0,1,0
3M,106,0,1,0
3M,172,0,1,0
3M,228,0,1,0
3M,306,1,1,0
3M,373,1,1,0
3M,442,2,2,0
3M,521,3,2,0
3M,576,3,2,0
3M,636,3,2,0
3M,716,3,2,0
3M,777,3,2,0
4M,46,0,1,0
4M,117,0,1,0
4M,182,0,1,0
4M,239,0,1,0
4M,321,1,1,0
4M,388,1,1,0
4M,453,2,2,0
4M,532,3,2,0
4M,586,3,2,0
4M,648,3,2,0
4M,727,3,2,0
4M,788,3,2,0
5M,58,0,1,0
5M,129,0,1,0
5M,191,0,1,0
5M,248,0,1,0
5M,335,1,1,0
5M,402,1,1,0
5M,464,2,2,0
5M,543,3,2,0
5M,596,3,2,0
5M,660,3,2,0
5M,737,3,2,0
5M,800,3,2,0
6M,70,0,1,0
6M,139,0,1,0
6M,199,0,1,0
6M,257,0,1,0
6M,350,1,1,0
6M,413,1,1,0
6M,476,2,2,0
6M,552,3,2,0
6M,608,3,2,0
6M,672,3,2,0
6M,747,3,2,0
6M,811,3,2,0
7M,82,0,1,0
7M,151,0,1,0
7M,207,0,1,0
7M,267,0,1,0
7M,365,1,1,0
7M,424,1,1,0
7M,487,2,2,0
7M,561,3,2,0
7M,618,3,2,0
7M,683,3,2,0
7M,757,3,2,0
7M,820,3,2,0
8M,95,0,1,0
8M,162,0,1,0
8M,217,0,1,0
8M,278,0,1,0
8M,376,1,1,0
8M,438,1,1,0
8M,499,2,2,0
8M,570,3,2,0
8M,630,3,2,0
8M,695,3,2,0
8M,767,3,2,0
8M,829,3,2,0
9M,107,0,1,0
9M,174,0,1,0
9M,230,0,1,0
9M,290,0,1,0
9M,387,1,1,0
9M,449,1,1,0
9M,513,2,2,0
9M,579,3,2,0
9M,645,3,2,0
9M,707,3,2,0
9M,778,3,2,0
9M,836,3,2,0
1L,39,0,1,0
1L,119,0,1,0
1L,185,0,1,0
1L,243,0,1,0
1L,300,0,1,0
1L,397,1,1,0
1L,460,2,2,0
1L,525,2,2,0
1L,588,3,2,0
1L,657,3,2,0
1L,720,3,2,0
1L,790,3,2,0
2L,54,0,1,0
2L,130,0,1,0
2L,194,0,1,0
2L,254,0,1,0
2L,314,0,1,0
2L,407,1,1,0
2L,472,2,2,0
2L,535,2,2,0
2L,597,2,2,0
2L,669,2,2,0
2L,732,2,2,0
2L,802,3,2,0
3L,69,0,1,0
3L,141,0,1,0
3L,202,0,1,0
3L,266,0,1,0
3L,329,0,1,0
3L,415,1,1,0
3L,484,2,2,0
3L,546,2,2,0
3L,605,2,2,0
3L,680,2,2,0
3L,743,2,2,0
3L,814,3,2,0
